{
  "badges": [
    {
      "Id": 1,
      "name": "पहला कदम",
      "description": "अपना पहला पाठ पूरा करें",
      "icon": "BookOpen",
      "color": "from-blue-400 to-blue-600",
      "category": "special",
      "rarity": "common",
      "criteria": {
        "totalXP": 50
      },
      "unlocked": true,
      "unlockedAt": "2024-01-10T10:00:00Z"
    },
    {
      "Id": 2,
      "name": "सटीक निशानेबाज",
      "description": "90% सटीकता बनाए रखें",
      "icon": "Target",
      "color": "from-green-400 to-green-600",
      "category": "accuracy",
      "rarity": "rare",
      "criteria": {
        "accuracy": 90
      },
      "unlocked": false,
      "unlockedAt": null
    },
    {
      "Id": 3,
      "name": "व्याकरण गुरु",
      "description": "95% सटीकता हासिल करें",
      "icon": "GraduationCap",
      "color": "from-purple-400 to-purple-600",
      "category": "accuracy",
      "rarity": "epic",
      "criteria": {
        "accuracy": 95
      },
      "unlocked": false,
      "unlockedAt": null
    },
    {
      "Id": 4,
      "name": "परफेक्ट स्कोर",
      "description": "100% सटीकता प्राप्त करें",
      "icon": "Star",
      "color": "from-yellow-400 to-yellow-600",
      "category": "accuracy",
      "rarity": "legendary",
      "criteria": {
        "accuracy": 100
      },
      "unlocked": false,
      "unlockedAt": null
    },
    {
      "Id": 5,
      "name": "पहला ताज",
      "description": "अपना पहला ताज अर्जित करें",
      "icon": "Crown",
      "color": "from-orange-400 to-orange-600",
      "category": "mastery",
      "rarity": "common",
      "criteria": {
        "crowns": 1
      },
      "unlocked": true,
      "unlockedAt": "2024-01-12T14:30:00Z"
    },
    {
      "Id": 6,
      "name": "ताज संग्रहकर्ता",
      "description": "5 ताज इकट्ठा करें",
      "icon": "Crown",
      "color": "from-red-400 to-red-600",
      "category": "mastery",
      "rarity": "rare",
      "criteria": {
        "crowns": 5
      },
      "unlocked": true,
      "unlockedAt": "2024-01-15T09:15:00Z"
    },
    {
      "Id": 7,
      "name": "ताज मास्टर",
      "description": "10 ताज हासिल करें",
      "icon": "Crown",
      "color": "from-pink-400 to-pink-600",
      "category": "mastery",
      "rarity": "epic",
      "criteria": {
        "crowns": 10
      },
      "unlocked": false,
      "unlockedAt": null
    },
    {
      "Id": 8,
      "name": "ताज सम्राट",
      "description": "20 ताज प्राप्त करें",
      "icon": "Crown",
      "color": "from-indigo-400 to-indigo-600",
      "category": "mastery",
      "rarity": "legendary",
      "criteria": {
        "crowns": 20
      },
      "unlocked": false,
      "unlockedAt": null
    },
    {
      "Id": 9,
      "name": "साप्ताहिक योद्धा",
      "description": "7 दिन की लगातार पढ़ाई",
      "icon": "Flame",
      "color": "from-red-400 to-red-600",
      "category": "streak",
      "rarity": "common",
      "criteria": {
        "streak": 7
      },
      "unlocked": true,
      "unlockedAt": "2024-01-10T18:00:00Z"
    },
    {
      "Id": 10,
      "name": "समर्पित छात्र",
      "description": "14 दिन की लगातार पढ़ाई",
      "icon": "Flame",
      "color": "from-orange-400 to-orange-600",
      "category": "streak",
      "rarity": "rare",
      "criteria": {
        "streak": 14
      },
      "unlocked": true,
      "unlockedAt": "2024-01-17T20:00:00Z"
    },
    {
      "Id": 11,
      "name": "महीने का चैंपियन",
      "description": "30 दिन की लगातार पढ़ाई",
      "icon": "Flame",
      "color": "from-yellow-400 to-yellow-600",
      "category": "streak",
      "rarity": "epic",
      "criteria": {
        "streak": 30
      },
      "unlocked": false,
      "unlockedAt": null
    },
    {
      "Id": 12,
      "name": "अजेय योद्धा",
      "description": "60 दिन की लगातार पढ़ाई",
      "icon": "Flame",
      "color": "from-purple-400 to-purple-600",
      "category": "streak",
      "rarity": "legendary",
      "criteria": {
        "streak": 60
      },
      "unlocked": false,
      "unlockedAt": null
    },
    {
      "Id": 13,
      "name": "शताब्दी स्ट्रीक",
      "description": "100 दिन की लगातार पढ़ाई",
      "icon": "Trophy",
      "color": "from-gradient-to-r from-yellow-400 via-red-500 to-pink-500",
      "category": "streak",
      "rarity": "legendary",
      "criteria": {
        "streak": 100
      },
      "unlocked": false,
      "unlockedAt": null
    },
    {
      "Id": 14,
      "name": "अनुभव संग्रहकर्ता",
      "description": "1000 XP अर्जित करें",
      "icon": "Zap",
      "color": "from-blue-400 to-blue-600",
      "category": "special",
      "rarity": "rare",
      "criteria": {
        "totalXP": 1000
      },
      "unlocked": true,
      "unlockedAt": "2024-01-16T12:00:00Z"
    },
    {
      "Id": 15,
      "name": "XP मास्टर",
      "description": "5000 XP हासिल करें",
      "icon": "Zap",
      "color": "from-purple-400 to-purple-600",
      "category": "special",
      "rarity": "epic",
      "criteria": {
        "totalXP": 5000
      },
      "unlocked": false,
      "unlockedAt": null
    },
    {
      "Id": 16,
      "name": "पूर्णतावादी",
      "description": "3 बार 100% स्कोर करें",
      "icon": "CheckCircle",
      "color": "from-green-400 to-green-600",
      "category": "special",
      "rarity": "epic",
      "criteria": {
        "perfectSessions": 3
      },
      "unlocked": false,
      "unlockedAt": null
    },
    {
      "Id": 17,
      "name": "व्याकरण मास्टर",
      "description": "सभी बुनियादी कौशल में महारत हासिल करें",
      "icon": "BookOpen",
      "color": "from-indigo-400 to-indigo-600",
      "category": "mastery",
      "rarity": "legendary",
      "criteria": {
        "crowns": 15
      },
      "unlocked": false,
      "unlockedAt": null
    },
    {
      "Id": 18,
      "name": "भाषा विशेषज्ञ",
      "description": "सभी श्रेणियों में 85% सटीकता",
      "icon": "Brain",
      "color": "from-teal-400 to-teal-600",
      "category": "accuracy",
      "rarity": "legendary",
      "criteria": {
        "accuracy": 85
      },
      "unlocked": false,
      "unlockedAt": null
    },
    {
      "Id": 19,
      "name": "दृढ़ता पुरस्कार",
      "description": "50 गलत उत्तरों के बाद भी जारी रखें",
      "icon": "Heart",
      "color": "from-pink-400 to-pink-600",
      "category": "special",
      "rarity": "rare",
      "criteria": {
        "totalXP": 500
      },
      "unlocked": false,
      "unlockedAt": null
    },
    {
      "Id": 20,
      "name": "सुबह का छात्र",
      "description": "सुबह 6 बजे से पहले 5 बार अभ्यास करें",
      "icon": "Sun",
      "color": "from-yellow-400 to-orange-500",
      "category": "special",
      "rarity": "rare",
      "criteria": {
        "totalXP": 300
      },
      "unlocked": false,
      "unlockedAt": null
    }
  ]
}