[
  {
    "Id": 1,
    "skillId": 1,
    "type": "fill-blank",
    "question": "She _____ to school every day.",
    "questionHindi": "वह रोज स्कूल _____ है।",
    "options": ["go", "goes", "going", "gone"],
    "correctAnswer": "goes",
    "explanation": "Third person singular के साथ verb में 's' लगाते हैं।",
    "explanationHindi": "Third person singular (she) के साथ verb में 's' लगाते हैं।"
  },
  {
    "Id": 2,
    "skillId": 1,
    "type": "fill-blank",
    "question": "They _____ cricket on weekends.",
    "questionHindi": "वे सप्ताहांत में क्रिकेट _____ हैं।",
    "options": ["play", "plays", "playing", "played"],
    "correctAnswer": "play",
    "explanation": "Plural subject के साथ verb में 's' नहीं लगाते।",
    "explanationHindi": "Plural subject (they) के साथ verb में 's' नहीं लगाते।"
  },
  {
    "Id": 3,
    "skillId": 1,
    "type": "error-spot",
    "question": "I am go to market daily.",
    "questionHindi": "मैं रोज बाजार जाता हूँ।",
    "options": ["I go to market daily", "I am going to market daily", "I goes to market daily", "I went to market daily"],
    "correctAnswer": "I go to market daily",
    "explanation": "Simple present में helping verb 'am' का प्रयोग नहीं करते।",
    "explanationHindi": "Simple present में helping verb 'am' का प्रयोग नहीं करते।"
  },
  {
    "Id": 4,
    "skillId": 2,
    "type": "fill-blank",
    "question": "She bought _____ apple from the market.",
    "questionHindi": "उसने बाजार से _____ सेब खरीदा।",
    "options": ["a", "an", "the", "no article"],
    "correctAnswer": "an",
    "explanation": "Apple vowel sound 'a' से शुरू होता है।",
    "explanationHindi": "Apple vowel sound 'a' से शुरू होता है, इसलिए 'an' का प्रयोग करते हैं।"
  },
  {
    "Id": 5,
    "skillId": 2,
    "type": "fill-blank",
    "question": "He is _____ honest person.",
    "questionHindi": "वह _____ ईमानदार व्यक्ति है।",
    "options": ["a", "an", "the", "no article"],
    "correctAnswer": "an",
    "explanation": "Honest का उच्चारण 'o' sound से शुरू होता है।",
    "explanationHindi": "Honest का उच्चारण 'o' sound से शुरू होता है, इसलिए 'an' का प्रयोग करते हैं।"
  },
  {
    "Id": 6,
    "skillId": 2,
    "type": "fill-blank",
    "question": "_____ sun rises in the east.",
    "questionHindi": "_____ सूर्य पूर्व में उगता है।",
    "options": ["A", "An", "The", "No article"],
    "correctAnswer": "The",
    "explanation": "Unique चीजों के लिए 'the' का प्रयोग करते हैं।",
    "explanationHindi": "Unique चीजों (जैसे sun, moon) के लिए 'the' का प्रयोग करते हैं।"
  },
  {
    "Id": 7,
    "skillId": 3,
    "type": "fill-blank",
    "question": "_____ am a student.",
    "questionHindi": "_____ एक छात्र हूँ।",
    "options": ["I", "Me", "My", "Mine"],
    "correctAnswer": "I",
    "explanation": "Subject की जगह 'I' का प्रयोग करते हैं।",
    "explanationHindi": "Subject की जगह 'I' का प्रयोग करते हैं।"
  },
  {
    "Id": 8,
    "skillId": 3,
    "type": "fill-blank",
    "question": "Give _____ the book.",
    "questionHindi": "_____ को किताब दे दो।",
    "options": ["I", "me", "my", "mine"],
    "correctAnswer": "me",
    "explanation": "Object की जगह 'me' का प्रयोग करते हैं।",
    "explanationHindi": "Object की जगह 'me' का प्रयोग करते हैं।"
  },
  {
    "Id": 9,
    "skillId": 3,
    "type": "word-order",
    "question": "Arrange: friend / is / He / my / best",
    "questionHindi": "व्यवस्थित करें: friend / is / He / my / best",
    "options": ["He is my best friend", "My best friend is he", "Best friend he is my", "Is he my best friend"],
    "correctAnswer": "He is my best friend",
    "explanation": "Subject + Verb + Object का क्रम होता है।",
    "explanationHindi": "Subject + Verb + Object का क्रम होता है।"
  },
  {
    "Id": 10,
    "skillId": 1,
    "type": "matching",
    "question": "Match the subject with correct verb form:",
    "questionHindi": "Subject को सही verb form से मिलाएं:",
    "options": ["He - goes", "They - go", "She - works", "We - play"],
    "correctAnswer": "He - goes",
    "explanation": "Singular subject के साथ verb में 's' लगाते हैं।",
    "explanationHindi": "Singular subject के साथ verb में 's' लगाते हैं।"
  }
]