[
  {
    "Id": 1,
    "skillId": 1,
    "title": "Present Tense Basics",
    "titleHindi": "वर्तमान काल की मूल बातें",
    "content": {
      "rules": "वर्तमान काल का उपयोग उन कार्यों के लिए करते हैं जो अभी हो रहे हैं या नियमित रूप से होते हैं। Simple Present में हम मुख्य क्रिया का प्रयोग करते हैं। Third person singular (he, she, it) के साथ verb में 's' या 'es' जोड़ते हैं। Negative sentences के लिए 'do not' या 'does not' का प्रयोग करते हैं। Question बनाने के लिए 'do' या 'does' sentence की शुरुआत में लगाते हैं।",
      "examples": [
        {
          "english": "I eat rice every day.",
          "hindi": "मैं रोज चावल खाता हूँ।"
        },
        {
          "english": "She works in an office.",
          "hindi": "वह एक कार्यालय में काम करती है।"
        },
        {
          "english": "They play cricket on Sundays.",
          "hindi": "वे रविवार को क्रिकेट खेलते हैं।"
        },
        {
          "english": "Do you speak English?",
          "hindi": "क्या आप अंग्रेजी बोलते हैं?"
        }
      ],
      "commonMistakes": [
        "गलत: I am eat rice (सही: I eat rice)",
        "गलत: She work in office (सही: She works in office)",
        "गलत: They plays cricket (सही: They play cricket)",
        "गलत: Does you speak English? (सही: Do you speak English?)"
      ],
      "memoryTrick": "याद रखें: Third person singular (he, she, it) के साथ verb में 's' या 'es' लगाते हैं। बाकी सभी के साथ verb का base form ही प्रयोग करते हैं।"
    },
    "xpReward": 50
  },
  {
    "Id": 2,
    "skillId": 2,
    "title": "Articles - A, An, The",
    "titleHindi": "आर्टिकल्स - A, An, The",
    "content": {
      "rules": "A का प्रयोग consonant sound से शुरू होने वाले शब्दों के पहले करते हैं। An का प्रयोग vowel sound से शुरू होने वाले शब्दों के पहले करते हैं। The का प्रयोग specific चीजों के लिए करते हैं जो पहले से पता हों। Unique चीजों के साथ भी 'the' का प्रयोग करते हैं जैसे sun, moon, earth। Proper nouns के साथ articles का प्रयोग नहीं करते।",
      "examples": [
        {
          "english": "A book, A car, A university",
          "hindi": "एक किताब, एक कार, एक विश्वविद्यालय"
        },
        {
          "english": "An apple, An hour, An umbrella",
          "hindi": "एक सेब, एक घंटा, एक छाता"
        },
        {
          "english": "The sun, The moon, The book I bought",
          "hindi": "सूर्य, चाँद, वह किताब जो मैंने खरीदी"
        },
        {
          "english": "I saw a movie. The movie was excellent.",
          "hindi": "मैंने एक फिल्म देखी। वह फिल्म बहुत अच्छी थी।"
        }
      ],
      "commonMistakes": [
        "गलत: An university (सही: A university - यू sound)",
        "गलत: A hour (सही: An hour - ऑवर sound)",
        "गलत: A apple (सही: An apple)",
        "गलत: The Ram is coming (सही: Ram is coming - proper noun)"
      ],
      "memoryTrick": "Sound पर ध्यान दें, spelling पर नहीं। University में 'यू' sound है, इसलिए 'A' का प्रयोग करते हैं। Hour में 'ऑ' sound है, इसलिए 'An' का प्रयोग करते हैं।"
    },
    "xpReward": 45
  },
  {
    "Id": 3,
    "skillId": 3,
    "title": "Personal Pronouns",
    "titleHindi": "व्यक्तिवाचक सर्वनाम",
    "content": {
      "rules": "Pronouns का उपयोग nouns की जगह करते हैं। Subject pronouns: I, you, he, she, it, we, they। Object pronouns: me, you, him, her, it, us, them। Possessive pronouns: mine, yours, his, hers, its, ours, theirs। Reflexive pronouns: myself, yourself, himself, herself, itself, ourselves, themselves।",
      "examples": [
        {
          "english": "I like pizza. Pizza is delicious.",
          "hindi": "मुझे पिज़्ज़ा पसंद है। पिज़्ज़ा स्वादिष्ट है।"
        },
        {
          "english": "John is my friend. He is very kind.",
          "hindi": "जॉन मेरा दोस्त है। वह बहुत दयालु है।"
        },
        {
          "english": "Give me the book. I will read it.",
          "hindi": "मुझे किताब दे दो। मैं इसे पढूंगा।"
        },
        {
          "english": "This pen is mine. That one is yours.",
          "hindi": "यह कलम मेरी है। वह वाली तुम्हारी है।"
        }
      ],
      "commonMistakes": [
        "गलत: Me like pizza (सही: I like pizza)",
        "गलत: Give I the book (सही: Give me the book)",
        "गलत: John and me are friends (सही: John and I are friends)",
        "गलत: This book is your (सही: This book is yours)"
      ],
      "memoryTrick": "Subject की जगह I, he, she, they और Object की जगह me, him, her, them का प्रयोग करें। 'I and John' के बजाय हमेशा 'John and I' कहें।"
    },
    "xpReward": 40
  },
  {
    "Id": 4,
    "skillId": 4,
    "title": "Past Tense Fundamentals",
    "titleHindi": "भूतकाल की मूल बातें",
    "content": {
      "rules": "भूतकाल का उपयोग उन कार्यों के लिए करते हैं जो पहले हो चुके हैं। Simple Past में regular verbs के साथ 'ed' जोड़ते हैं। Irregular verbs का अलग past form होता है। Negative के लिए 'did not' का प्रयोग करते हैं। Questions में 'did' का प्रयोग करते हैं।",
      "examples": [
        {
          "english": "I walked to school yesterday.",
          "hindi": "मैं कल स्कूल पैदल गया था।"
        },
        {
          "english": "She ate dinner at 8 PM.",
          "hindi": "उसने रात 8 बजे खाना खाया।"
        },
        {
          "english": "They didn't come to the party.",
          "hindi": "वे पार्टी में नहीं आए।"
        },
        {
          "english": "Did you finish your homework?",
          "hindi": "क्या तुमने अपना होमवर्क पूरा किया?"
        }
      ],
      "commonMistakes": [
        "गलत: I walk to school yesterday (सही: I walked to school yesterday)",
        "गलत: She eats dinner at 8 PM (सही: She ate dinner at 8 PM)",
        "गलत: They didn't came (सही: They didn't come)",
        "गलत: Did you finished homework? (सही: Did you finish homework?)"
      ],
      "memoryTrick": "Regular verbs में 'ed' जोड़ें। Irregular verbs याद करें। Negative और questions में 'did' के साथ main verb का base form प्रयोग करें।"
    },
    "xpReward": 55
  },
  {
    "Id": 5,
    "skillId": 5,
    "title": "Prepositions Basics",
    "titleHindi": "पूर्वसर्ग की मूल बातें",
    "content": {
      "rules": "Prepositions वे शब्द हैं जो nouns या pronouns का संबंध sentence के अन्य शब्दों से दिखाते हैं। Time prepositions: at, on, in। Place prepositions: at, on, in, under, over, between। Direction prepositions: to, from, towards, into, out of।",
      "examples": [
        {
          "english": "I wake up at 6 AM on Monday.",
          "hindi": "मैं सोमवार को सुबह 6 बजे उठता हूँ।"
        },
        {
          "english": "The book is on the table.",
          "hindi": "किताब मेज पर है।"
        },
        {
          "english": "She is walking to the market.",
          "hindi": "वह बाजार की तरफ जा रही है।"
        },
        {
          "english": "The cat is under the chair.",
          "hindi": "बिल्ली कुर्सी के नीचे है।"
        }
      ],
      "commonMistakes": [
        "गलत: I wake up in 6 AM (सही: I wake up at 6 AM)",
        "गलत: The book is in the table (सही: The book is on the table)",
        "गलत: She is walking at the market (सही: She is walking to the market)",
        "गलत: The cat is below the chair (सही: The cat is under the chair)"
      ],
      "memoryTrick": "Time के लिए: at (specific time), on (days/dates), in (months/years)। Place के लिए: at (specific point), on (surface), in (enclosed space)।"
    },
    "xpReward": 50
  },
  {
    "Id": 6,
    "skillId": 6,
    "title": "Future Tense Basics",
    "titleHindi": "भविष्यकाल की मूल बातें",
    "content": {
      "rules": "भविष्यकाल का उपयोग उन कार्यों के लिए करते हैं जो आने वाले समय में होंगे। 'Will' का प्रयोग simple future के लिए करते हैं। 'Going to' का प्रयोग planned actions के लिए करते हैं। Present Continuous का प्रयोग भी future के लिए कर सकते हैं।",
      "examples": [
        {
          "english": "I will go to Delhi tomorrow.",
          "hindi": "मैं कल दिल्ली जाऊंगा।"
        },
        {
          "english": "She is going to study medicine.",
          "hindi": "वह मेडिसिन की पढ़ाई करने वाली है।"
        },
        {
          "english": "They are meeting at 5 PM.",
          "hindi": "वे शाम 5 बजे मिलने वाले हैं।"
        },
        {
          "english": "It will rain tonight.",
          "hindi": "आज रात बारिश होगी।"
        }
      ],
      "commonMistakes": [
        "गलत: I will going to Delhi (सही: I will go to Delhi या I am going to Delhi)",
        "गलत: She will going to study (सही: She is going to study)",
        "गलत: They will meeting at 5 PM (सही: They will meet at 5 PM)",
        "गलत: It will raining tonight (सही: It will rain tonight)"
      ],
      "memoryTrick": "'Will' के साथ main verb का base form प्रयोग करें। 'Going to' के साथ be verb (am/is/are) + going to + base verb का प्रयोग करें।"
    },
    "xpReward": 50
  },
  {
    "Id": 7,
    "skillId": 7,
    "title": "Adjectives Fundamentals",
    "titleHindi": "विशेषण की मूल बातें",
    "content": {
      "rules": "Adjectives वे शब्द हैं जो nouns या pronouns की विशेषता बताते हैं। ये nouns से पहले आते हैं। Comparative adjectives में 'er' या 'more' का प्रयोग करते हैं। Superlative में 'est' या 'most' का प्रयोग करते हैं। Opinion adjectives, size adjectives, और color adjectives का क्रम महत्वपूर्ण है।",
      "examples": [
        {
          "english": "She has a beautiful red dress.",
          "hindi": "उसके पास एक सुंदर लाल ड्रेस है।"
        },
        {
          "english": "This book is more interesting than that one.",
          "hindi": "यह किताब उससे ज्यादा दिलचस्प है।"
        },
        {
          "english": "He is the tallest boy in the class.",
          "hindi": "वह कक्षा में सबसे लंबा लड़का है।"
        },
        {
          "english": "I bought a small wooden table.",
          "hindi": "मैंने एक छोटी लकड़ी की मेज खरीदी।"
        }
      ],
      "commonMistakes": [
        "गलत: She has a red beautiful dress (सही: She has a beautiful red dress)",
        "गलत: This book is more better (सही: This book is better)",
        "गलत: He is the most tall boy (सही: He is the tallest boy)",
        "गलत: I bought a wooden small table (सही: I bought a small wooden table)"
      ],
      "memoryTrick": "Adjectives का क्रम: Opinion → Size → Age → Shape → Color → Origin → Material → Purpose। छोटे adjectives में 'er/est' और लंबे adjectives में 'more/most' का प्रयोग करें।"
    },
    "xpReward": 45
  },
  {
    "Id": 8,
    "skillId": 8,
    "title": "Adverbs Basics",
    "titleHindi": "क्रिया विशेषण की मूल बातें",
    "content": {
      "rules": "Adverbs वे शब्द हैं जो verbs, adjectives, या अन्य adverbs की विशेषता बताते हैं। अधिकतर adverbs adjectives में 'ly' जोड़कर बनते हैं। Manner adverbs (कैसे), Time adverbs (कब), Place adverbs (कहाँ), और Frequency adverbs (कितनी बार) होते हैं।",
      "examples": [
        {
          "english": "She speaks English fluently.",
          "hindi": "वह अंग्रेजी धाराप्रवाह बोलती है।"
        },
        {
          "english": "I always brush my teeth before bed.",
          "hindi": "मैं हमेशा सोने से पहले दांत साफ करता हूँ।"
        },
        {
          "english": "The children are playing outside.",
          "hindi": "बच्चे बाहर खेल रहे हैं।"
        },
        {
          "english": "He drives very carefully.",
          "hindi": "वह बहुत सावधानी से गाड़ी चलाता है।"
        }
      ],
      "commonMistakes": [
        "गलत: She speaks English fluent (सही: She speaks English fluently)",
        "गलत: I brush always my teeth (सही: I always brush my teeth)",
        "गलत: The children are playing outdoor (सही: The children are playing outside)",
        "गलत: He drives very careful (सही: He drives very carefully)"
      ],
      "memoryTrick": "Adjective + ly = Adverb (careful → carefully)। Frequency adverbs verb से पहले आते हैं। Manner adverbs usually verb के बाद आते हैं।"
    },
    "xpReward": 45
  },
  {
    "Id": 9,
    "skillId": 9,
    "title": "Modal Verbs Introduction",
    "titleHindi": "सहायक क्रिया का परिचय",
    "content": {
      "rules": "Modal verbs वे helping verbs हैं जो ability, possibility, permission, obligation आदि दिखाते हैं। Main modal verbs: can, could, may, might, will, would, shall, should, must, ought to। इनके साथ main verb का base form प्रयोग करते हैं। इनका कोई past participle या gerund form नहीं होता।",
      "examples": [
        {
          "english": "I can speak three languages.",
          "hindi": "मैं तीन भाषाएं बोल सकता हूँ।"
        },
        {
          "english": "You should exercise regularly.",
          "hindi": "तुम्हें नियमित रूप से व्यायाम करना चाहिए।"
        },
        {
          "english": "May I come in?",
          "hindi": "क्या मैं अंदर आ सकता हूँ?"
        },
        {
          "english": "It might rain today.",
          "hindi": "आज बारिश हो सकती है।"
        }
      ],
      "commonMistakes": [
        "गलत: I can to speak three languages (सही: I can speak three languages)",
        "गलत: You should to exercise (सही: You should exercise)",
        "गलत: Can I to come in? (सही: Can I come in?)",
        "गलत: It might be rain today (सही: It might rain today)"
      ],
      "memoryTrick": "Modal verbs के साथ कभी भी 'to' का प्रयोग नहीं करते। हमेशा main verb का base form प्रयोग करते हैं। Can = ability, Should = advice, May = permission/possibility।"
    },
    "xpReward": 60
  },
  {
    "Id": 10,
    "skillId": 10,
    "title": "Conditional Sentences Basics",
    "titleHindi": "शर्त वाक्य की मूल बातें",
    "content": {
      "rules": "Conditional sentences में दो parts होते हैं: if clause और main clause। Zero Conditional: if + present, present (general facts)। First Conditional: if + present, will + base verb (real possibility)। Second Conditional: if + past, would + base verb (unreal/imaginary)। Third Conditional: if + past perfect, would have + past participle (past unreal)।",
      "examples": [
        {
          "english": "If you heat ice, it melts.",
          "hindi": "अगर आप बर्फ को गर्म करेंगे, तो वह पिघल जाएगी।"
        },
        {
          "english": "If it rains tomorrow, I will stay home.",
          "hindi": "अगर कल बारिश होगी, तो मैं घर पर रहूंगा।"
        },
        {
          "english": "If I were rich, I would travel the world.",
          "hindi": "अगर मैं अमीर होता, तो मैं दुनिया की सैर करता।"
        },
        {
          "english": "If I had studied harder, I would have passed.",
          "hindi": "अगर मैंने कड़ी मेहनत की होती, तो मैं पास हो गया होता।"
        }
      ],
      "commonMistakes": [
        "गलत: If you will heat ice, it melts (सही: If you heat ice, it melts)",
        "गलत: If it will rain tomorrow, I will stay (सही: If it rains tomorrow, I will stay)",
        "गलत: If I was rich, I would travel (सही: If I were rich, I would travel)",
        "गलत: If I would have studied, I would have passed (सही: If I had studied, I would have passed)"
      ],
      "memoryTrick": "Zero: fact (present + present), First: possible (present + will), Second: imaginary (past + would), Third: past regret (past perfect + would have). If clause में कभी 'will' नहीं लगाते।"
    },
    "xpReward": 70
  }
]