{
  "progress": [
{
      "skillId": 1,
      "skillName": "वर्तमान काल",
      "progress": 85,
      "accuracy": 78,
      "crownLevel": 3,
      "correctAnswers": 45,
      "totalAttempts": 58,
      "lastPracticed": "2024-01-15",
      "unlocked": true,
      "level": "beginner"
    },
{
      "skillId": 2,
      "skillName": "आर्टिकल्स",
      "progress": 72,
      "accuracy": 68,
      "crownLevel": 2,
      "correctAnswers": 34,
      "totalAttempts": 50,
      "lastPracticed": "2024-01-14",
      "unlocked": true,
      "level": "intermediate"
    },
{
      "skillId": 3,
      "skillName": "सर्वनाम",
      "progress": 45,
      "accuracy": 65,
      "crownLevel": 1,
      "correctAnswers": 26,
      "totalAttempts": 40,
      "lastPracticed": "2024-01-13",
      "unlocked": true,
      "level": "advanced"
    }
  ],
"stats": {
    "totalXP": 1250,
    "totalGems": 85,
    "currentStreak": 15,
    "totalCrowns": 6,
    "weeklyGoal": 500,
    "weeklyProgress": 350,
    "milestoneAchievements": [
      {
        "days": 7,
        "achievedDate": "2024-01-10",
        "claimed": true,
        "xpAwarded": 50,
        "gemsAwarded": 10
      },
      {
        "days": 14,
        "achievedDate": "2024-01-17",
        "claimed": false,
        "xpAwarded": 100,
        "gemsAwarded": 25
      }
    ],
    "streakHistory": [
      { "date": "2024-01-01", "streak": 1 },
      { "date": "2024-01-02", "streak": 2 },
      { "date": "2024-01-03", "streak": 3 },
      { "date": "2024-01-04", "streak": 4 },
      { "date": "2024-01-05", "streak": 5 },
      { "date": "2024-01-06", "streak": 6 },
      { "date": "2024-01-07", "streak": 7 },
      { "date": "2024-01-08", "streak": 8 },
      { "date": "2024-01-09", "streak": 9 },
      { "date": "2024-01-10", "streak": 10 },
      { "date": "2024-01-11", "streak": 11 },
      { "date": "2024-01-12", "streak": 12 },
      { "date": "2024-01-13", "streak": 13 },
      { "date": "2024-01-14", "streak": 14 },
      { "date": "2024-01-15", "streak": 15 }
    ],
    "badgeProgress": {
      "totalUnlocked": 5,
      "lastUnlocked": "2024-01-17T20:00:00Z",
      "categories": {
        "accuracy": 1,
        "mastery": 2,
        "streak": 2,
        "special": 0
      }
},
    "levelUnlocks": {
      "allLevelsUnlocked": true,
      "unlockedLevels": ["beginner", "intermediate", "advanced"],
      "unlockedDate": "2024-01-01",
      "unlockedBy": "system"
    },
    "achievements": {
      "perfectSessions": 0,
      "consecutivePerfectDays": 0,
      "skillsCompleted": 3,
      "challengesCompleted": 0,
      "totalPracticeTime": 450
    }
  }
}