[
  {
    "Id": 1,
    "title": "Daily Streak Reward",
    "titleHindi": "दैनिक स्ट्रीक इनाम",
    "message": "Keep up the great work!",
    "messageHindi": "शानदार काम जारी रखें!",
    "xp": 50,
    "gems": 10,
    "type": "daily"
  },
  {
    "Id": 2,
    "title": "Weekly Challenge",
    "titleHindi": "साप्ताहिक चुनौती",
    "message": "You completed this week's challenge!",
    "messageHindi": "आपने इस सप्ताह की चुनौती पूरी की!",
    "xp": 100,
    "gems": 25,
    "type": "weekly"
  },
  {
    "Id": 3,
    "title": "Perfect Score",
    "titleHindi": "पूर्ण स्कोर",
    "message": "Amazing! You got 100% in your last practice!",
    "messageHindi": "शानदार! आपने अपने अंतिम अभ्यास में 100% स्कोर किया!",
    "xp": 75,
    "gems": 15,
    "type": "achievement"
  }
]