[
  {
    "Id": 1,
    "name": "Streak Freeze",
    "nameHindi": "स्ट्रीक फ्रीज",
    "description": "अपनी स्ट्रीक को एक दिन के लिए सुरक्षित रखें",
    "price": 10,
    "icon": "Shield",
    "bgColor": "bg-gradient-to-r from-blue-500 to-blue-600"
  },
  {
    "Id": 2,
    "name": "XP Boost",
    "nameHindi": "XP बूस्ट",
    "description": "अगले 24 घंटों में दोगुना XP पाएं",
    "price": 25,
    "icon": "Zap",
    "bgColor": "bg-gradient-to-r from-warning to-secondary-500"
  },
  {
    "Id": 3,
    "name": "Bonus Lesson",
    "nameHindi": "बोनस पाठ",
    "description": "अतिरिक्त अभ्यास के लिए बोनस पाठ अनलॉक करें",
    "price": 50,
    "icon": "BookOpen",
    "bgColor": "bg-gradient-to-r from-primary-500 to-secondary-500"
  },
  {
    "Id": 4,
    "name": "Hint Pack",
    "nameHindi": "हिंट पैक",
    "description": "कठिन प्रश्नों के लिए 10 अतिरिक्त हिंट",
    "price": 15,
    "icon": "Lightbulb",
    "bgColor": "bg-gradient-to-r from-accent-500 to-success"
  },
  {
    "Id": 5,
    "name": "Time Extend",
    "nameHindi": "समय विस्तार",
    "description": "चुनौती मोड में अतिरिक्त 5 मिनट",
    "price": 20,
    "icon": "Clock",
    "bgColor": "bg-gradient-to-r from-error to-pink-500"
  },
  {
    "Id": 6,
    "name": "Premium Theme",
    "nameHindi": "प्रीमियम थीम",
    "description": "खूबसूरत नई थीम अनलॉक करें",
    "price": 75,
    "icon": "Palette",
    "bgColor": "bg-gradient-to-r from-purple-500 to-pink-500"
  }
]