[
  {
    "Id": 1,
    "name": "Present Tense",
    "nameHindi": "वर्तमान काल",
    "category": "Tenses",
    "crownLevel": 3,
    "lessonsCompleted": 8,
    "totalLessons": 10,
    "isUnlocked": true
  },
  {
    "Id": 2,
    "name": "Articles",
    "nameHindi": "आर्टिकल्स (A, An, The)",
    "category": "Grammar Basics",
    "crownLevel": 2,
    "lessonsCompleted": 6,
    "totalLessons": 8,
    "isUnlocked": true
  },
  {
    "Id": 3,
    "name": "Pronouns",
    "nameHindi": "सर्वनाम",
    "category": "Grammar Basics",
    "crownLevel": 1,
    "lessonsCompleted": 4,
    "totalLessons": 12,
    "isUnlocked": true
  },
  {
    "Id": 4,
    "name": "Past Tense",
    "nameHindi": "भूतकाल",
    "category": "Tenses",
    "crownLevel": 0,
    "lessonsCompleted": 0,
    "totalLessons": 10,
    "isUnlocked": false
  },
  {
    "Id": 5,
    "name": "Prepositions",
    "nameHindi": "पूर्वसर्ग",
    "category": "Grammar Basics",
    "crownLevel": 0,
    "lessonsCompleted": 0,
    "totalLessons": 8,
    "isUnlocked": false
  },
  {
    "Id": 6,
    "name": "Future Tense",
    "nameHindi": "भविष्यकाल",
    "category": "Tenses",
    "crownLevel": 0,
    "lessonsCompleted": 0,
    "totalLessons": 8,
    "isUnlocked": false
  },
  {
    "Id": 7,
    "name": "Adjectives",
    "nameHindi": "विशेषण",
    "category": "Parts of Speech",
    "crownLevel": 0,
    "lessonsCompleted": 0,
    "totalLessons": 10,
    "isUnlocked": false
  },
  {
    "Id": 8,
    "name": "Adverbs",
    "nameHindi": "क्रिया विशेषण",
    "category": "Parts of Speech",
    "crownLevel": 0,
    "lessonsCompleted": 0,
    "totalLessons": 8,
    "isUnlocked": false
  },
  {
    "Id": 9,
    "name": "Modal Verbs",
    "nameHindi": "सहायक क्रिया",
    "category": "Advanced Grammar",
    "crownLevel": 0,
    "lessonsCompleted": 0,
    "totalLessons": 12,
    "isUnlocked": false
  },
  {
    "Id": 10,
    "name": "Conditional Sentences",
    "nameHindi": "शर्त वाक्य",
    "category": "Advanced Grammar",
    "crownLevel": 0,
    "lessonsCompleted": 0,
    "totalLessons": 15,
    "isUnlocked": false
  }
]